USER_OVERALL_RATING,PREDICTED_OVERALL_RATING,CLEANLINESS,LOCATION,VALUE,ROOMS,SERVICE,SLEEP_QUALITY
5,4.7355,5,4,4,4,5,5
5,4.8336,5,4,4,5,5,4
5,3.8079,4,4,3,4,4,4
5,4.8584,4,4,5,4,5,5
4,3.8079,4,4,3,4,4,4
4,4.7472,4,4,5,4,5,4
5,4.6243,5,5,4,4,5,4
4,4.5584,4,4,4,4,5,4
1,1.3501,4,4,4,1,1,1
3,4.3696,4,4,3,4,5,4
5,4.7472,4,5,5,4,5,4
3,3.9967,4,4,4,4,4,4
5,4.2514,5,4,5,4,4,4
5,4.3172,4,4,4,5,4,5
5,4.8336,5,4,4,5,5,4
5,4.1855,4,5,5,4,4,4
4,3.9967,4,4,4,4,4,4
4,3.9967,4,4,4,4,4,4
4,4.7472,4,4,5,4,5,4
4,4.7472,4,4,5,4,5,4
3,3.435,4,4,4,4,3,4
5,4.8584,4,4,5,4,5,5
4,3.9967,4,4,4,4,4,4
5,4.6243,5,5,4,4,5,4
3,3.2257,4,4,4,3,3,4
5,4.7677,4,5,4,5,5,4
5,4.9565,4,4,5,5,5,4
5,4.9565,4,4,5,5,5,4
5,4.7355,5,4,4,4,5,5
5,4.8584,4,4,5,4,5,5
5,4.7355,5,4,4,4,5,5
4,4.7355,5,4,4,4,5,5
5,4.7677,4,5,4,5,5,4
5,4.6243,5,4,4,4,5,4
4,3.9967,4,4,4,4,4,4
5,4.5584,4,5,4,4,5,4
5,4.8131,5,4,5,4,5,4
5,4.7472,4,4,5,4,5,4
5,4.1855,4,4,5,4,4,4
3,4.7472,4,4,5,4,5,4
3,3.135,4,4,3,4,3,3
5,4.1738,5,4,4,4,4,5
5,4.2719,5,4,4,5,4,4
4,4.6243,5,5,4,4,5,4
5,4.7677,4,5,4,5,5,4
4,4.8131,5,4,5,4,5,4
5,4.6696,4,5,4,4,5,5
3,2.6962,3,4,4,4,2,3
4,3.3121,5,4,3,4,3,4
5,4.7355,5,4,4,4,5,5
5,4.8789,4,4,4,5,5,5
4,3.7874,4,4,4,3,4,4
5,4.6243,5,5,4,4,5,4
4,3.9967,4,4,4,4,4,4
5,4.7472,4,4,5,4,5,4
5,4.8336,5,4,4,5,5,4
3,3.3238,4,4,4,4,3,3
5,4.6243,5,4,4,4,5,4
4,4.6696,4,5,4,4,5,5
5,4.7677,4,5,4,5,5,4
5,4.9565,4,4,5,5,5,4
4,3.9967,4,4,4,4,4,4
4,3.2257,4,4,4,3,3,4
5,4.7472,4,5,5,4,5,4
5,4.8584,4,4,5,4,5,5
5,4.8789,4,4,4,5,5,5
5,4.6696,4,5,4,4,5,5
5,4.206,4,4,4,5,4,4
5,4.5584,4,5,4,4,5,4
3,3.435,4,4,4,4,3,4
5,4.8584,4,4,5,4,5,5
4,3.9967,4,4,4,4,4,4
5,4.6243,5,5,4,4,5,4
3,3.2257,4,4,4,3,3,4
5,4.7677,4,5,4,5,5,4
5,4.9565,4,4,5,5,5,4
5,4.9565,4,4,5,5,5,4
5,4.7355,5,4,4,4,5,5
5,4.8584,4,4,5,4,5,5
5,4.7355,5,4,4,4,5,5
4,4.7355,5,4,4,4,5,5
5,4.7677,4,5,4,5,5,4
5,4.6243,5,4,4,4,5,4
4,3.9967,4,4,4,4,4,4
5,4.5584,4,5,4,4,5,4
5,4.8131,5,4,5,4,5,4
5,4.7472,4,4,5,4,5,4
5,4.1855,4,4,5,4,4,4
3,4.7472,4,4,5,4,5,4
3,3.135,4,4,3,4,3,3
5,4.1738,5,4,4,4,4,5
5,4.2719,5,4,4,5,4,4
5,4.6696,4,5,4,4,5,5
5,5.1336,5,5,5,5,5,5
5,4.8131,5,5,5,4,5,4
5,5.1336,5,5,5,5,5,5
5,5.1336,5,5,5,5,5,5
5,4.6696,4,5,4,4,5,5
5,5.1336,5,5,5,5,5,5
5,4.8584,4,4,5,4,5,5
4,3.6967,4,4,3,4,4,3
5,4.9448,5,5,4,5,5,5
4,4.1808,4,4,2,4,5,4
4,4.5719,5,5,5,5,4,5
5,5.1336,5,5,5,5,5,5
4,3.9967,4,4,4,4,4,4
5,5.1336,5,5,5,5,5,5
5,5.1336,5,4,5,5,5,5
5,4.9448,5,5,4,5,5,5
5,4.9565,4,4,5,5,5,4
5,5.1336,5,5,5,5,5,5
4,4.9243,5,3,5,4,5,5
5,5.1336,5,5,5,5,5,5
5,4.9243,5,5,5,4,5,5
4,4.5719,5,5,5,5,4,5
5,5.1336,5,5,5,5,5,5
4,3.5986,4,3,3,3,4,4
5,5.1336,5,5,5,5,5,5
5,4.9448,5,5,4,5,5,5
5,5.1336,5,5,5,5,5,5
5,5.1336,5,5,5,5,5,5
5,4.9448,5,4,4,5,5,5
4,3.9967,4,4,4,4,4,4
5,5.1336,5,5,5,5,5,5
4,3.4874,4,5,3,3,4,3
5,4.8789,4,5,4,5,5,5
5,5.1336,5,5,5,5,5,5
5,4.8131,5,5,5,4,5,4
3,3.5327,3,4,3,3,4,4
5,4.9448,5,5,4,5,5,5
4,4.3172,4,5,4,5,4,5
5,5.1336,5,4,5,5,5,5
5,5.1336,5,5,5,5,5,5
5,4.8336,5,4,4,5,5,4
3,2.664,4,4,4,3,2,4
5,4.6696,4,4,4,4,5,5
4,4.7472,4,4,5,4,5,4
4,3.0369,4,4,3,3,3,4
2,1.7452,4,4,1,4,1,4
5,4.5584,4,4,4,4,5,4
3,4.8584,4,4,5,4,5,5
1,1.4116,4,4,1,4,1,1
4,4.5584,4,4,4,4,5,4
4,4.6696,4,4,4,4,5,5
4,4.7472,4,4,5,4,5,4
3,2.664,4,4,4,3,2,4
5,4.4472,4,5,4,4,5,3
3,3.3238,4,4,4,4,3,3
4,4.1738,5,4,4,4,4,5
5,4.6696,4,5,4,4,5,5
4,4.3491,4,4,4,3,5,4
5,4.5584,4,4,4,4,5,4
5,4.6696,4,4,4,4,5,5
5,3.9967,4,4,4,4,4,4
4,3.6443,4,4,4,5,3,4
5,4.5584,4,4,4,4,5,4
5,4.5584,4,5,4,4,5,4
5,4.6243,5,4,4,4,5,4
5,3.9967,4,4,4,4,4,4
3,3.2126,4,4,4,4,3,2
5,4.7355,5,4,4,4,5,5
4,4.6696,4,5,4,4,5,5
5,4.8131,5,4,5,4,5,4
4,3.9967,4,4,4,4,4,4
5,3.9967,4,4,4,4,4,4
4,3.9514,5,4,4,4,4,3
5,4.0626,5,5,4,4,4,4
5,4.8789,4,4,4,5,5,5
5,4.6696,4,5,4,4,5,5
5,4.6243,5,5,4,4,5,4
2,4.5584,4,4,4,4,5,4
5,4.6696,4,5,4,4,5,5
4,3.435,4,4,4,4,3,4
5,3.9967,4,4,4,4,4,4
5,4.6243,5,5,4,4,5,4
5,4.7677,4,4,4,5,5,4
5,4.6243,5,4,4,4,5,4
4,3.9967,4,4,4,4,4,4
4,4.0626,5,4,4,4,4,4
4,4.6243,5,4,4,4,5,4
5,4.9565,4,4,5,5,5,4
4,3.9967,4,4,4,4,4,4
5,4.7677,4,4,4,5,5,4
5,4.9565,4,4,5,5,5,4
5,4.7355,5,4,4,4,5,5
5,4.7677,4,5,4,5,5,4
5,4.7472,4,5,5,4,5,4
5,4.9565,4,4,5,5,5,4
5,4.7355,5,4,4,4,5,5
4,4.2719,5,4,4,5,4,4
5,4.8131,5,4,5,4,5,4
4,3.9967,4,4,4,4,4,4
5,4.7472,4,5,5,4,5,4
4,3.9967,4,4,4,4,4,4
4,3.2462,4,4,3,4,3,4
4,3.9967,4,4,4,4,4,4
5,4.6243,5,4,4,4,5,4
3,3.2462,4,5,3,4,3,4
5,4.206,4,4,4,5,4,4
5,4.8584,4,4,5,4,5,5
4,3.9967,4,4,4,4,4,4
4,4.6696,4,4,4,4,5,5
4,3.9967,4,4,4,4,4,4
4,3.9967,4,4,4,4,4,4
4,4.7355,5,4,4,4,5,5
1,2.1798,2,1,4,4,1,4
1,1.9999,5,4,2,4,1,4
4,4.4355,5,4,3,4,5,4
4,4.6696,4,4,4,4,5,5
4,4.6901,4,5,3,5,5,5
5,5.1336,5,5,5,5,5,5
5,4.9448,5,5,4,5,5,5
4,3.8855,4,4,4,4,4,3
4,3.9967,4,4,4,4,4,4
5,4.9448,5,5,4,5,5,5
5,4.9448,5,5,4,5,5,5
2,2.7415,2,3,4,4,2,4
5,5.1336,5,5,5,5,5,5
5,5.1336,5,5,5,5,5,5
4,3.9967,4,4,4,4,4,4
4,4.6243,5,5,4,4,5,4
4,4.2719,5,5,4,5,4,4
5,4.6243,5,5,4,4,5,4
5,5.1336,5,5,5,5,5,5
4,3.8214,5,5,4,5,3,5
5,4.8,5,5,5,5,5,2
4,5.0224,5,5,5,5,5,4
5,4.6243,5,5,4,4,5,4
5,5.1336,5,5,5,5,5,5
4,5.1336,5,5,5,5,5,5
4,3.742,3,5,3,4,4,4
1,2.8803,3,3,2,4,3,3
4,3.985,5,5,3,4,4,5
4,3.435,4,4,4,4,3,4
4,3.9967,4,5,4,4,4,4
4,4.9448,5,5,4,5,5,5
4,3.5533,5,5,3,3,4,3
3,3.2462,4,5,3,4,3,4
2,2.2864,4,4,2,3,2,4
4,3.9967,4,4,4,4,4,4
5,4.9448,5,5,4,5,5,5
5,4.8789,4,4,4,5,5,5
5,5.1336,5,5,5,5,5,5
5,5.0224,5,5,5,5,5,4
2,2.7032,2,4,2,4,3,2
4,4.0948,4,5,4,5,4,3
4,4.5584,4,5,4,4,5,4
5,5.1336,5,5,5,5,5,5
4,4.9448,5,5,4,5,5,5
4,4.7355,5,4,4,4,5,5
5,5.1336,5,5,5,5,5,5
5,4.6243,5,5,4,4,5,4
5,5.1336,5,5,5,5,5,5
4,4.1079,4,5,4,4,4,5
4,4.7677,4,5,4,5,5,4
5,4.9448,5,5,4,5,5,5
4,4.3696,4,5,3,4,5,4
4,3.9967,4,4,4,4,4,4
4,4.5584,4,4,4,4,5,4
5,4.5584,4,4,4,4,5,4
4,5.1336,5,5,5,5,5,5
5,5.1336,5,5,5,5,5,5
5,5.1336,5,5,5,5,5,5
3,4.3696,4,4,3,4,5,4
5,4.5584,4,5,4,4,5,4
4,4.1284,4,5,3,5,4,5
5,5.1336,5,5,5,5,5,5
5,5.1336,5,5,5,5,5,5
4,4.6243,5,5,4,4,5,4
3,4.1808,4,4,2,4,5,4
3,3.3691,3,4,4,4,3,4
3,3.2462,4,4,3,4,3,4
3,2.3728,5,4,1,4,2,4
1,2.6094,1,4,4,1,3,4
5,4.7472,4,5,5,4,5,4
5,4.7472,4,5,5,4,5,4
5,4.6243,5,5,4,4,5,4
4,3.9967,4,4,4,4,4,4
5,4.8336,5,4,4,5,5,4
5,4.7472,4,5,5,4,5,4
5,4.6696,4,5,4,4,5,5
4,4.3172,4,4,4,5,4,5
5,4.8789,4,4,4,5,5,5
5,4.3491,4,5,4,3,5,4
5,4.8336,5,4,4,5,5,4
4,4.6696,4,4,4,4,5,5
5,4.5584,4,4,4,4,5,4
5,4.7472,4,5,5,4,5,4
5,4.7472,4,5,5,4,5,4
5,4.8131,5,4,5,4,5,4
5,4.8584,4,4,5,4,5,5
4,3.5009,5,4,4,4,3,4
3,3.9967,4,5,4,4,4,4
4,4.6696,4,4,4,4,5,5
5,4.6696,4,5,4,4,5,5
5,3.9967,4,5,4,4,4,4
5,4.8789,4,4,4,5,5,5
5,4.6243,5,5,4,4,5,4
5,4.8789,4,4,4,5,5,5
5,4.8131,5,4,5,4,5,4
4,4.6696,4,4,4,4,5,5
4,4.5584,4,4,4,4,5,4
4,4.5584,4,4,4,4,5,4
5,4.5584,4,5,4,4,5,4
5,4.6243,5,4,4,4,5,4
4,4.2719,5,4,4,5,4,4
4,4.5584,4,4,4,4,5,4
4,3.3121,5,4,3,4,3,4
4,4.3491,4,5,4,3,5,4
5,4.1079,4,4,4,4,4,5
5,4.8131,5,4,5,4,5,4
5,4.9448,5,5,4,5,5,5
5,5.1336,5,5,5,5,5,5
4,3.9967,4,4,4,4,4,4
4,5.0224,5,5,5,5,5,4
3,3.2899,5,5,5,1,4,1
5,5.1336,5,5,5,5,5,5
5,5.1336,5,5,5,5,5,5
5,5.1336,5,5,5,5,5,5
5,5.1336,5,5,5,5,5,5
5,4.8336,5,4,4,5,5,4
4,4.9243,5,5,5,4,5,5
3,3.3893,4,5,3,2,4,4
5,5.1336,5,5,5,5,5,5
4,3.5986,4,4,3,3,4,4
5,5.1336,5,5,5,5,5,5
2,4.3374,5,5,3,3,5,5
3,3.057,3,4,1,2,4,5
3,3.4233,5,4,3,4,3,5
5,4.8336,5,4,4,5,5,4
5,5.1336,5,5,5,5,5,5
5,5.1336,5,5,5,5,5,5
3,3.0234,3,3,2,2,4,3
2,0.8496,5,5,1,1,1,1
3,2.4734,2,4,3,2,3,2
4,4.9448,5,5,4,5,5,5
5,5.1336,5,5,5,5,5,5
3,2.9257,4,4,3,3,3,3
5,4.5719,5,5,5,5,4,5
3,4.0215,3,5,5,3,4,5
5,3.9967,4,4,4,4,4,4
4,4.2719,5,5,4,5,4,4
2,3.1669,4,4,3,2,4,2
5,5.1336,5,5,5,5,5,5
5,5.1336,5,5,5,5,5,5
5,5.1336,5,5,5,5,5,5
5,4.9448,5,5,4,5,5,5
5,5.1336,5,5,5,5,5,5
5,5.1336,5,5,5,5,5,5
4,3.8079,4,4,3,4,4,4
4,5.1336,5,5,5,5,5,5
2,3.4491,4,3,1,3,5,1
5,4.5584,4,5,4,4,5,4
4,4.1079,4,4,4,4,4,5
5,4.6696,4,4,4,4,5,5
2,1.7496,5,4,4,1,1,4
5,4.8131,5,4,5,4,5,4
5,4.8789,4,4,4,5,5,5
5,4.2719,5,4,4,5,4,4
5,4.6243,5,5,4,4,5,4
4,3.2462,4,4,3,4,3,4
5,4.9565,4,4,5,5,5,4
5,4.6696,4,5,4,4,5,5
5,4.0626,5,4,4,4,4,4
5,4.9565,4,4,5,5,5,4
5,4.8789,4,4,4,5,5,5
5,4.9448,5,5,4,5,5,5
5,5.1336,5,5,5,5,5,5
1,4.7355,5,4,4,4,5,5
5,5.1336,5,5,5,5,5,5
2,2.0505,3,4,1,2,3,1
5,4.9448,5,5,4,5,5,5
5,4.8131,5,4,5,4,5,4
5,4.7677,4,5,4,5,5,4
5,4.6696,4,5,4,4,5,5
5,4.7472,4,5,5,4,5,4
5,5.1336,5,5,5,5,5,5
2,2.8481,4,4,2,3,3,4
5,3.9967,4,4,4,4,4,4
5,5.1336,5,5,5,5,5,5
5,5.1336,5,4,5,5,5,5
5,5.1336,5,5,5,5,5,5
5,5.1336,5,5,5,5,5,5
5,5.1336,5,5,5,5,5,5
5,4.715,5,5,5,3,5,5
5,5.1336,5,5,5,5,5,5
5,5.1336,5,5,5,5,5,5
5,4.9448,5,5,4,5,5,5
5,5.1336,5,5,5,5,5,5
5,4.7355,5,4,4,4,5,5
5,5.1336,5,5,5,5,5,5
5,4.9448,5,5,4,5,5,5
5,5.1336,5,5,5,5,5,5
2,2.3845,4,4,2,4,2,3
5,4.8336,5,4,4,5,5,4
4,4.8789,4,4,4,5,5,5
5,5.1336,5,5,5,5,5,5
2,2.4281,3,4,3,2,3,1
5,4.1943,5,5,3,5,4,5
5,5.1336,5,5,5,5,5,5
5,5.1336,5,5,5,5,5,5
5,4.5584,4,5,4,4,5,4
5,5.1336,5,5,5,5,5,5
3,3.5986,4,4,3,3,4,4
5,4.9448,5,5,4,5,5,5
5,4.7355,5,5,4,4,5,5
4,4.7224,5,5,4,5,5,3
5,4.5584,4,5,4,4,5,4
2,2.9122,3,4,2,2,4,2
5,5.1336,5,5,5,5,5,5
5,5.0224,5,5,5,5,5,4
2,2.1228,4,4,3,4,1,4
5,4.8336,5,4,4,5,5,4
4,3.6121,5,5,4,4,3,5
4,3.9967,4,4,4,4,4,4
5,4.8131,5,5,5,4,5,4
5,5.1336,5,5,5,5,5,5
5,5.1336,5,5,5,5,5,5
5,4.7355,5,5,4,4,5,5
5,5.1336,5,5,5,5,5,5
5,4.3831,5,5,4,5,4,5
5,5.1336,5,5,5,5,5,5
5,5.1336,5,5,5,5,5,5
5,5.1336,5,5,5,5,5,5
5,5.1336,5,5,5,5,5,5
4,3.9967,4,4,4,4,4,4
5,5.1336,5,5,5,5,5,5
4,3.9967,4,4,4,4,4,4
5,5.1336,5,5,5,5,5,5
5,5.1336,5,5,5,5,5,5
3,2.8598,3,4,3,3,3,3
4,5.1336,5,5,5,5,5,5
5,5.1336,5,5,5,5,5,5
5,4.9448,5,5,4,5,5,5
5,5.1336,5,5,5,5,5,5
5,5.1336,5,5,5,5,5,5
5,5.1336,5,5,5,5,5,5
4,4.9448,5,5,4,5,5,5
4,3.9967,4,4,4,4,4,4
4,4.3172,4,5,4,5,4,5
4,4.7224,5,5,4,5,5,3
4,4.9448,5,5,4,5,5,5
4,5.1336,5,5,5,5,5,5
5,5.1336,5,5,5,5,5,5
5,4.9448,5,4,4,5,5,5
2,2.8733,4,4,4,4,2,4
5,4.7355,5,4,4,4,5,5
5,4.6696,4,5,4,4,5,5
5,4.7472,4,5,5,4,5,4
5,4.7472,4,5,5,4,5,4
5,5.1336,5,5,5,5,5,5
2,2.8733,4,4,4,4,2,4
4,4.7472,4,5,5,4,5,4
5,5.1336,5,5,5,5,5,5
4,4.3831,5,4,4,5,4,5
4,3.9967,4,4,4,4,4,4
5,5.1336,5,5,5,5,5,5
5,4.8131,5,4,5,4,5,4
5,4.6243,5,4,4,4,5,4
5,5.1336,5,5,5,5,5,5
5,4.8336,5,4,4,5,5,4
5,4.8789,4,4,4,5,5,5
5,4.8584,4,4,5,4,5,5
5,4.9448,5,5,4,5,5,5
4,4.5584,4,5,4,4,5,4
5,4.9448,5,5,4,5,5,5
5,5.1336,5,5,5,5,5,5
5,4.8336,5,4,4,5,5,4
3,3.5009,5,4,4,4,3,4
5,4.9243,5,5,5,4,5,5
4,3.9967,4,5,4,4,4,4
1,1.1173,4,4,1,1,1,4
3,2.5729,3,4,2,2,3,4
4,4.5584,4,4,4,4,5,4
5,4.8131,5,4,5,4,5,4
3,2.971,3,5,3,3,3,4
5,4.8131,5,4,5,4,5,4
5,4.7472,4,4,5,4,5,4
5,5.1336,5,5,5,5,5,5
5,4.8336,5,5,4,5,5,4
5,4.8789,4,4,4,5,5,5
5,4.6696,4,4,4,4,5,5
5,4.7355,5,4,4,4,5,5
5,4.8789,4,4,4,5,5,5
4,4.206,4,4,4,5,4,4
5,4.8336,5,4,4,5,5,4
5,4.2719,5,4,4,5,4,4
5,4.6243,5,4,4,4,5,4
5,4.8789,4,4,4,5,5,5
5,4.8789,4,4,4,5,5,5
5,4.8789,4,4,4,5,5,5
5,4.7355,5,4,4,4,5,5
5,4.6696,4,5,4,4,5,5
5,4.6243,5,5,4,4,5,4
5,4.8131,5,4,5,4,5,4
5,4.8584,4,4,5,4,5,5
3,3.5986,4,4,3,3,4,4
5,4.7355,5,4,4,4,5,5
4,4.0626,5,4,4,4,4,4
5,4.7355,5,4,4,4,5,5
5,4.7472,4,5,5,4,5,4
5,4.8584,4,4,5,4,5,5
4,4.6696,4,4,4,4,5,5
5,4.8336,5,4,4,5,5,4
5,4.6696,4,5,4,4,5,5
5,4.7677,4,4,4,5,5,4
5,4.6243,5,5,4,4,5,4
5,4.8131,5,4,5,4,5,4
5,4.6243,5,4,4,4,5,4
2,3.1733,4,4,5,4,2,5
5,4.7472,4,5,5,4,5,4
5,5.1336,5,5,5,5,5,5
4,3.9191,4,4,3,4,4,5
4,4.9448,5,5,4,5,5,5
4,3.435,4,4,4,4,3,4
4,4.7355,5,5,4,4,5,5
4,4.5584,4,4,4,4,5,4
5,5.1336,5,5,5,5,5,5
4,4.3626,5,5,5,4,4,5
5,4.3626,5,5,5,4,4,5
5,5.1336,5,5,5,5,5,5
4,5.0224,5,4,5,5,5,4
3,3.5986,4,4,3,3,4,4
1,2.4344,1,1,4,5,1,5
5,5.1336,5,5,5,5,5,5
3,3.5533,5,4,3,3,4,3
3,2.3958,2,4,2,2,3,3
4,5.1336,5,5,5,5,5,5
4,4.5584,4,5,4,4,5,4
5,5.1336,5,5,5,5,5,5
5,5.1336,5,5,5,5,5,5
5,4.5584,4,5,4,4,5,4
5,5.1336,5,5,5,5,5,5
4,4.4472,4,5,4,4,5,3
3,3.3893,4,5,3,2,4,4
5,5.1336,5,5,5,5,5,5
4,4.1855,4,4,5,4,4,4
5,4.6696,4,5,4,4,5,5
3,4.0944,3,4,3,3,5,4
5,4.8584,4,4,5,4,5,5
5,5.1336,5,5,5,5,5,5
5,5.1336,5,5,5,5,5,5
2,3.5122,3,4,4,2,4,4
5,4.9448,5,4,4,5,5,5
5,5.1336,5,5,5,5,5,5
5,5.1336,5,5,5,5,5,5
4,3.8079,4,4,3,4,4,4
5,4.756,5,5,3,5,5,5
5,5.1336,5,5,5,5,5,5
5,4.6696,4,5,4,4,5,5
5,5.1336,5,5,5,5,5,5
4,3.9967,4,4,4,4,4,4
5,5.1336,5,5,5,5,5,5
5,5.1336,5,5,5,5,5,5
5,5.1336,5,5,5,5,5,5
5,5.1336,5,5,5,5,5,5
5,4.6243,5,5,4,4,5,4
5,5.1336,5,5,5,5,5,5
4,4.5336,5,5,3,5,5,3
5,5.1336,5,5,5,5,5,5
5,4.9448,5,5,4,5,5,5
5,4.9448,5,4,4,5,5,5
5,4.9448,5,5,4,5,5,5
5,4.5584,4,4,4,4,5,4
4,3.9967,4,5,4,4,4,4
5,5.1336,5,5,5,5,5,5
5,5.1336,5,5,5,5,5,5
5,4.9448,5,4,4,5,5,5
5,5.1336,5,5,5,5,5,5
5,5.1336,5,5,5,5,5,5
5,4.9448,5,5,4,5,5,5
1,0.586,1,1,1,1,1,1
5,4.9448,5,5,4,5,5,5
5,4.9448,5,5,4,5,5,5
5,5.1336,5,5,5,5,5,5
5,5.1336,5,5,5,5,5,5
5,5.1336,5,5,5,5,5,5
5,4.6243,5,5,4,4,5,4
5,4.6696,4,4,4,4,5,5
5,4.9448,5,5,4,5,5,5
5,4.6243,5,4,4,4,5,4
2,3.1216,5,4,3,2,4,1
5,4.9448,5,4,4,5,5,5
5,4.9448,5,5,4,5,5,5
5,5.1336,5,5,5,5,5,5
5,5.1336,5,5,5,5,5,5
3,2.3888,3,4,4,2,2,4
4,4.5584,4,4,4,4,5,4
5,4.8584,4,4,5,4,5,5
4,3.435,4,4,4,4,3,4
5,4.6696,4,5,4,4,5,5
4,4.6696,4,5,4,4,5,5
5,4.7677,4,5,4,5,5,4
5,4.8789,4,4,4,5,5,5
4,4.1079,4,4,4,4,4,5
1,1.6837,4,5,4,1,1,4
5,4.6696,4,5,4,4,5,5
5,4.5584,4,5,4,4,5,4
4,4.6243,5,4,4,4,5,4
5,4.8131,5,4,5,4,5,4
4,3.7874,4,5,4,3,4,4
5,3.9967,4,4,4,4,4,4
4,4.0626,5,4,4,4,4,4
3,3.2986,4,4,2,3,4,3
5,5.1336,5,5,5,5,5,5
3,3.7098,4,5,3,3,4,5
5,5.0224,5,5,5,5,5,4
4,4.6243,5,4,4,4,5,4
3,3.6967,4,4,3,4,4,3
3,2.2276,4,4,1,2,3,2
4,3.8738,5,3,3,4,4,4
4,3.4233,5,5,3,4,3,5
1,1.2183,2,1,4,1,1,1
4,4.7472,4,5,5,4,5,4
5,4.8584,4,4,5,4,5,5
3,3.0117,4,3,1,2,4,4
5,4.9448,5,5,4,5,5,5
4,4.4355,5,4,3,4,5,4
5,4.6243,5,5,4,4,5,4
5,4.9565,4,4,5,5,5,4
5,5.1336,5,5,5,5,5,5
3,4.115,5,4,3,3,5,3
5,5.1336,5,5,5,5,5,5
5,5.1336,5,5,5,5,5,5
5,3.9443,4,5,5,5,3,5
2,2.507,2,5,2,2,3,4
5,5.1336,5,5,5,5,5,5
5,5.1336,5,5,5,5,5,5
5,5.1336,5,5,5,5,5,5
5,5.1336,5,5,5,5,5,5
5,5.1336,5,5,5,5,5,5
4,3.5005,4,5,3,2,4,5
4,3.7874,4,5,4,3,4,4
5,5.1336,5,5,5,5,5,5
3,4.3038,5,5,4,3,5,3
4,4.7355,5,5,4,4,5,5
4,3.9967,4,4,4,4,4,4
5,5.1336,5,5,5,5,5,5
5,5.1336,5,5,5,5,5,5
5,5.1336,5,5,5,5,5,5
5,5.1336,5,5,5,5,5,5
5,5.1336,5,5,5,5,5,5
5,5.1336,5,5,5,5,5,5
5,5.1336,5,5,5,5,5,5
5,4.5584,4,5,4,4,5,4
5,5.1336,5,5,5,5,5,5
5,4.4355,5,5,3,4,5,4
3,3.3238,4,4,4,4,3,3
5,5.0224,5,5,5,5,5,4
5,4.9448,5,5,4,5,5,5
5,5.1336,5,5,5,5,5,5
4,4.3374,5,5,3,3,5,5
4,4.1079,4,5,4,4,4,5
5,5.1336,5,5,5,5,5,5
5,4.7677,4,5,4,5,5,4
5,5.1336,5,5,5,5,5,5
5,4.6243,5,5,4,4,5,4
5,5.1336,5,5,5,5,5,5
5,4.8789,4,4,4,5,5,5
5,5.1336,5,5,5,5,5,5
5,5.1336,5,5,5,5,5,5
5,4.6243,5,4,4,4,5,4
5,4.9243,5,5,5,4,5,5
5,4.6243,5,4,4,4,5,4
5,4.9243,5,5,5,4,5,5
5,4.9448,5,5,4,5,5,5
5,5.1336,5,5,5,5,5,5
5,4.9565,4,4,5,5,5,4
4,4.206,4,5,4,5,4,4
5,4.8336,5,5,4,5,5,4
5,5.1336,5,5,5,5,5,5
5,4.5584,4,5,4,4,5,4
5,4.6813,3,5,5,4,5,4
5,5.1336,5,5,5,5,5,5
5,4.9448,5,5,4,5,5,5
5,5.1336,5,5,5,5,5,5
5,4.7355,5,4,4,4,5,5
5,4.8789,4,4,4,5,5,5
5,4.6696,4,4,4,4,5,5
5,5.1336,5,5,5,5,5,5
5,4.9448,5,5,4,5,5,5
1,0.6519,2,3,1,1,1,1
5,5.1336,5,5,5,5,5,5
5,4.9565,4,4,5,5,5,4
5,4.8336,5,4,4,5,5,4
1,1.978,4,5,4,4,1,1
5,4.8336,5,4,4,5,5,4
3,3.2462,4,4,3,4,3,4
4,4.1079,4,4,4,4,4,5
5,4.9565,4,4,5,5,5,4
5,4.8336,5,4,4,5,5,4
4,4.4472,4,5,4,4,5,3
5,5.1336,5,5,5,5,5,5
5,4.8,5,5,5,5,5,2
4,4.1943,5,5,3,5,4,5
5,3.9967,4,5,4,4,4,4
5,5.1336,5,5,5,5,5,5
3,3.8167,5,3,1,5,4,5
1,1.4042,4,3,2,2,1,3
5,4.9448,5,5,4,5,5,5
4,4.7677,4,4,4,5,5,4
5,5.1336,5,5,5,5,5,5
5,4.8336,5,4,4,5,5,4
5,4.6696,4,4,4,4,5,5
5,4.7677,4,5,4,5,5,4
5,4.3172,4,4,4,5,4,5
5,4.756,5,5,3,5,5,5
5,4.6243,5,5,4,4,5,4
5,4.9565,4,4,5,5,5,4
5,4.8584,4,4,5,4,5,5
5,5.1336,5,5,5,5,5,5
4,3.8079,4,4,3,4,4,4
2,2.9052,4,4,4,2,3,3
3,2.2729,3,3,1,2,3,3
5,4.9448,5,5,4,5,5,5
4,4.8336,5,4,4,5,5,4
5,5.1336,5,5,5,5,5,5
5,5.1336,5,5,5,5,5,5
5,5.1336,5,5,5,5,5,5
4,5.1336,5,5,5,5,5,5
5,4.7677,4,5,4,5,5,4
3,3.3574,4,4,3,4,3,5
4,4.1603,4,5,3,3,5,4
3,2.5715,2,5,3,3,3,1
4,4.1738,5,4,4,4,4,5
3,2.8821,5,3,2,5,2,5
5,4.9448,5,5,4,5,5,5
5,4.7355,5,4,4,4,5,5
5,5.1336,5,4,5,5,5,5
5,4.3831,5,4,4,5,4,5
4,4.5584,4,4,4,4,5,4
1,1.1173,4,4,1,1,1,4
5,4.8789,4,4,4,5,5,5
5,4.7472,4,5,5,4,5,4
5,4.7355,5,4,4,4,5,5
5,5.1336,5,4,5,5,5,5
5,4.8584,4,4,5,4,5,5
5,4.6243,5,4,4,4,5,4
5,4.8336,5,4,4,5,5,4
5,4.7677,4,4,4,5,5,4
5,4.7472,4,5,5,4,5,4
5,4.6243,5,4,4,4,5,4
5,4.8336,5,4,4,5,5,4
5,4.6243,5,4,4,4,5,4
5,4.6696,4,4,4,4,5,5
5,4.6243,5,5,4,4,5,4
5,4.6243,5,5,4,4,5,4
5,4.6696,4,5,4,4,5,5
4,3.4555,4,4,3,5,3,4
5,4.8336,5,4,4,5,5,4
5,4.8584,4,4,5,4,5,5
5,4.7677,4,5,4,5,5,4
5,4.8584,4,4,5,4,5,5
5,4.8336,5,4,4,5,5,4
5,4.7472,4,5,5,4,5,4
5,4.7472,4,5,5,4,5,4
5,4.7355,5,4,4,4,5,5
5,4.6243,5,5,4,4,5,4
4,4.3696,4,4,3,4,5,4
5,4.8131,5,4,5,4,5,4
3,4.2584,4,4,3,4,5,3
5,4.7677,4,4,4,5,5,4
5,4.8336,5,4,4,5,5,4
5,3.9967,4,4,4,4,4,4
5,3.9967,4,4,4,4,4,4
5,4.6243,5,5,4,4,5,4
3,4.036,4,4,3,4,5,1
2,2.3116,4,3,4,4,1,4
2,1.893,4,2,4,2,1,4
5,4.7472,4,5,5,4,5,4
5,4.6243,5,4,4,4,5,4
2,2.1345,3,4,4,4,1,3
2,3.0574,4,4,2,4,3,4
5,4.8336,5,4,4,5,5,4
5,4.6243,5,3,4,4,5,4
4,4.8131,5,4,5,4,5,4
5,4.9565,4,4,5,5,5,4
4,4.9565,4,4,5,5,5,4
5,4.8131,5,4,5,4,5,4
3,3.2462,4,4,3,4,3,4
5,4.7677,4,5,4,5,5,4
5,4.7677,4,5,4,5,5,4
5,4.6696,4,4,4,4,5,5
5,4.6696,4,5,4,4,5,5
5,3.9967,4,4,4,4,4,4
5,4.5584,4,5,4,4,5,4
4,4.5584,4,4,4,4,5,4
5,4.8131,5,4,5,4,5,4
5,4.7355,5,4,4,4,5,5
5,4.6696,4,5,4,4,5,5
5,4.8789,4,4,4,5,5,5
5,4.7355,5,4,4,4,5,5
5,4.8789,4,4,4,5,5,5
5,4.8789,4,4,4,5,5,5
5,4.6243,5,5,4,4,5,4
5,4.7472,4,5,5,4,5,4
5,4.7472,4,5,5,4,5,4
5,4.9565,4,4,5,5,5,4
5,4.8584,4,4,5,4,5,5
5,4.8789,4,4,4,5,5,5
5,4.7677,4,5,4,5,5,4
4,3.9967,4,4,4,4,4,4
5,4.7677,4,5,4,5,5,4
5,4.7472,4,5,5,4,5,4
5,4.8131,5,4,5,4,5,4
5,4.6243,5,5,4,4,5,4
5,4.8336,5,4,4,5,5,4
5,4.8131,5,4,5,4,5,4
5,4.9565,4,4,5,5,5,4
5,4.7677,4,5,4,5,5,4
5,4.8336,5,4,4,5,5,4
5,4.9565,4,4,5,5,5,4
5,4.6696,4,5,4,4,5,5
5,4.8789,4,4,4,5,5,5
5,4.8584,4,4,5,4,5,5
5,4.9565,4,4,5,5,5,4
5,4.7355,5,4,4,4,5,5
5,4.6243,5,5,4,4,5,4
5,4.5584,4,4,4,4,5,4
4,4.7355,5,4,4,4,5,5
5,4.5584,4,4,4,4,5,4
5,4.6696,4,5,4,4,5,5
4,4.415,5,4,4,3,5,4
3,3.2462,4,4,3,4,3,4
5,4.8131,5,4,5,4,5,4
5,4.8336,5,4,4,5,5,4
5,4.6243,5,5,4,4,5,4
5,3.7102,5,4,4,5,3,4
5,4.9565,4,4,5,5,5,4
5,4.7472,4,5,5,4,5,4
3,3.8079,4,5,3,4,4,4
4,4.5584,4,4,4,4,5,4
2,2.1228,4,4,3,4,1,4
5,4.9448,5,5,4,5,5,5
5,5.1336,5,5,5,5,5,5
5,4.6696,4,4,4,4,5,5
5,5.1336,5,5,5,5,5,5
5,4.9565,4,4,5,5,5,4
5,4.6243,5,5,4,4,5,4
5,4.7472,4,5,5,4,5,4
4,4.6696,4,4,4,4,5,5
4,4.9448,5,5,4,5,5,5
4,4.3696,4,4,3,4,5,4
3,2.664,4,4,4,3,2,4
4,4.1079,4,4,4,4,4,5
5,4.9448,5,5,4,5,5,5
5,4.8584,4,4,5,4,5,5
4,4.5584,4,5,4,4,5,4
5,4.5584,4,5,4,4,5,4
5,4.7677,4,5,4,5,5,4
4,3.9967,4,4,4,4,4,4
3,3.8855,4,5,4,4,4,3
3,3.6762,4,4,4,3,4,3
5,4.4603,4,4,4,3,5,5
5,4.7355,5,4,4,4,5,5
5,4.8131,5,4,5,4,5,4
4,4.6243,5,4,4,4,5,4
5,4.6696,4,4,4,4,5,5
5,4.6243,5,4,4,4,5,4
5,4.8584,4,4,5,4,5,5
5,4.8584,4,4,5,4,5,5
5,4.3172,4,4,4,5,4,5
2,2.4957,4,5,2,4,2,4
5,4.7472,4,5,5,4,5,4
4,4.206,4,5,4,5,4,4
5,4.7355,5,4,4,4,5,5
5,4.7472,4,5,5,4,5,4
5,4.6696,4,4,4,4,5,5
5,4.6696,4,5,4,4,5,5
5,4.8131,5,4,5,4,5,4
5,4.6696,4,5,4,4,5,5
3,2.6845,4,4,3,4,2,4
5,4.8131,5,4,5,4,5,4
5,4.7355,5,4,4,4,5,5
5,4.6696,4,4,4,4,5,5
5,4.9565,4,4,5,5,5,4
5,4.8789,4,4,4,5,5,5
5,4.9565,4,4,5,5,5,4
5,4.9565,4,4,5,5,5,4
4,3.9967,4,4,4,4,4,4
5,4.8789,4,4,4,5,5,5
4,4.0626,5,4,4,4,4,4
4,3.7874,4,4,4,3,4,4
5,4.8789,4,4,4,5,5,5
5,4.1079,4,4,4,4,4,5
4,4.6243,5,4,4,4,5,4
5,4.6243,5,5,4,4,5,4
3,3.0574,4,4,2,4,3,4
5,4.6696,4,5,4,4,5,5
5,4.7355,5,4,4,4,5,5
4,4.6696,4,5,4,4,5,5
5,4.8131,5,4,5,4,5,4
5,4.7677,4,5,4,5,5,4
4,3.435,4,4,4,4,3,4
4,4.5584,4,4,4,4,5,4
5,4.7355,5,4,4,4,5,5
5,4.6243,5,5,4,4,5,4
5,4.7677,4,5,4,5,5,4
5,4.8336,5,4,4,5,5,4
5,4.7677,4,5,4,5,5,4
5,4.6243,5,5,4,4,5,4
4,4.2248,4,4,4,4,5,1
2,1.934,4,4,2,4,1,4
5,4.8584,4,4,5,4,5,5
5,4.8584,4,4,5,4,5,5
5,4.9565,4,4,5,5,5,4
5,4.7472,4,5,5,4,5,4
5,4.6243,5,5,4,4,5,4
5,4.8131,5,4,5,4,5,4
5,4.8789,4,4,4,5,5,5
5,4.7355,5,4,4,4,5,5
3,4.1398,4,3,4,2,5,4
5,4.8336,5,4,4,5,5,4
5,4.1855,4,5,5,4,4,4
5,4.8584,4,4,5,4,5,5
5,4.6243,5,5,4,4,5,4
5,4.7472,4,5,5,4,5,4
5,4.7677,4,5,4,5,5,4
5,4.8336,5,4,4,5,5,4
5,4.7677,4,4,4,5,5,4
3,2.664,4,5,4,3,2,4
5,4.6243,5,5,4,4,5,4
5,4.7677,4,4,4,5,5,4
5,4.8789,4,4,4,5,5,5
4,3.7874,4,4,4,3,4,4
5,4.8584,4,4,5,4,5,5
5,4.8789,4,4,4,5,5,5
5,4.7677,4,4,4,5,5,4
5,4.8131,5,4,5,4,5,4
5,4.6243,5,5,4,4,5,4
5,4.7472,4,5,5,4,5,4
5,4.6696,4,5,4,4,5,5
5,4.7355,5,4,4,4,5,5
5,4.7472,4,5,5,4,5,4
5,4.7677,4,5,4,5,5,4
5,4.8789,4,4,4,5,5,5
5,4.8336,5,4,4,5,5,4
5,4.8131,5,4,5,4,5,4
5,4.7677,4,4,4,5,5,4
5,4.6243,5,5,4,4,5,4
5,4.7472,4,5,5,4,5,4
5,4.8131,5,4,5,4,5,4
5,4.8789,4,4,4,5,5,5
5,4.8789,4,4,4,5,5,5
5,4.9565,4,4,5,5,5,4
5,4.8584,4,4,5,4,5,5
5,4.9565,4,4,5,5,5,4
5,4.6243,5,5,4,4,5,4
5,4.7472,4,5,5,4,5,4
5,4.8131,5,4,5,4,5,4
5,4.6243,5,4,4,4,5,4
4,3.9967,4,4,4,4,4,4
5,4.7355,5,4,4,4,5,5
5,4.8336,5,4,4,5,5,4
5,4.8336,5,4,4,5,5,4
5,4.8584,4,4,5,4,5,5
5,4.8336,5,4,4,5,5,4
5,4.6243,5,5,4,4,5,4
5,4.8584,4,4,5,4,5,5
5,4.9565,4,4,5,5,5,4
5,4.7355,5,4,4,4,5,5
5,4.7472,4,5,5,4,5,4
5,4.5584,4,5,4,4,5,4
5,4.6696,4,5,4,4,5,5
5,4.7677,4,5,4,5,5,4
5,4.5584,4,4,4,4,5,4
5,4.7677,4,4,4,5,5,4
5,4.6696,4,5,4,4,5,5
5,4.9565,4,4,5,5,5,4
5,5.1336,5,5,5,5,5,5
5,4.8131,5,4,5,4,5,4
5,3.9967,4,5,4,4,4,4
5,4.5584,4,5,4,4,5,4
5,4.7472,4,4,5,4,5,4
5,3.9967,4,4,4,4,4,4
5,4.7472,4,5,5,4,5,4
5,4.6243,5,4,4,4,5,4
5,4.9565,4,4,5,5,5,4
5,4.9565,4,4,5,5,5,4
4,4.5584,4,4,4,4,5,4
5,3.9967,4,5,4,4,4,4
5,4.8584,4,4,5,4,5,5
5,4.6696,4,5,4,4,5,5
5,4.5584,4,4,4,4,5,4
5,4.7677,4,5,4,5,5,4
5,4.6696,4,5,4,4,5,5
5,4.206,4,5,4,5,4,4
3,3.435,4,4,4,4,3,4
5,4.7355,5,4,4,4,5,5
5,4.7677,4,5,4,5,5,4
4,4.7355,5,4,4,4,5,5
5,4.4355,5,4,3,4,5,4
5,4.4355,5,4,3,4,5,4
5,4.8336,5,4,4,5,5,4
4,4.5584,4,4,4,4,5,4
5,4.5584,4,5,4,4,5,4
5,4.5584,4,5,4,4,5,4
5,4.6696,4,5,4,4,5,5
5,5.1336,5,5,5,5,5,5
5,5.1336,5,5,5,5,5,5
5,5.0224,5,5,5,5,5,4
5,5.1336,5,5,5,5,5,5
5,5.1336,5,5,5,5,5,5
4,4.5584,4,5,4,4,5,4
5,5.1336,5,5,5,5,5,5
5,5.1336,5,5,5,5,5,5
5,5.1336,5,5,5,5,5,5
4,4.6696,4,5,4,4,5,5
5,4.8336,5,4,4,5,5,4
5,5.1336,5,5,5,5,5,5
5,5.1336,5,5,5,5,5,5
5,5.1336,5,5,5,5,5,5
5,5.1336,5,5,5,5,5,5
4,5.1336,5,5,5,5,5,5
5,5.1336,5,5,5,5,5,5
5,5.1336,5,5,5,5,5,5
5,4.9448,5,5,4,5,5,5
5,4.6696,4,5,4,4,5,5
5,5.1336,5,5,5,5,5,5
5,4.8336,5,4,4,5,5,4
5,5.1336,5,5,5,5,5,5
5,4.6243,5,5,4,4,5,4
4,4.8336,5,4,4,5,5,4
5,5.1336,5,5,5,5,5,5
5,5.1336,5,5,5,5,5,5
5,4.7355,5,5,4,4,5,5
5,5.1336,5,5,5,5,5,5
3,4.3374,5,5,3,3,5,5
5,4.9448,5,5,4,5,5,5
5,4.9448,5,4,4,5,5,5
5,5.1336,5,5,5,5,5,5
5,4.8131,5,4,5,4,5,4
5,5.1336,5,5,5,5,5,5
5,4.9565,4,4,5,5,5,4
4,4.1855,4,4,5,4,4,4
4,4.0626,5,4,4,4,4,4
5,4.7677,4,5,4,5,5,4
5,4.7472,4,4,5,4,5,4
5,4.7677,4,5,4,5,5,4
5,4.8131,5,4,5,4,5,4
5,4.5584,4,4,4,4,5,4
4,3.435,4,5,4,4,3,4
5,4.6696,4,5,4,4,5,5
5,4.7472,4,5,5,4,5,4
3,3.7874,4,5,4,3,4,4
5,4.7472,4,4,5,4,5,4
5,4.7355,5,4,4,4,5,5
3,4.0626,5,4,4,4,4,4
5,4.8789,4,4,4,5,5,5
4,4.415,5,4,4,3,5,4
4,3.9967,4,5,4,4,4,4
5,4.8789,4,4,4,5,5,5
5,4.5584,4,4,4,4,5,4
4,3.9967,4,4,4,4,4,4
5,4.8584,4,4,5,4,5,5
5,4.8584,4,4,5,4,5,5
5,4.7472,4,4,5,4,5,4
3,3.8855,4,5,4,4,4,3
4,4.6696,4,4,4,4,5,5
4,4.3491,4,4,4,3,5,4
5,4.8131,5,4,5,4,5,4
5,4.8789,4,4,4,5,5,5
2,2.3435,4,4,4,2,2,3
4,3.9967,4,5,4,4,4,4
5,4.0626,5,5,4,4,4,4
5,4.8131,5,4,5,4,5,4
5,4.6696,4,5,4,4,5,5
5,4.6696,4,5,4,4,5,5
5,4.8789,4,4,4,5,5,5
3,3.435,4,5,4,4,3,4
2,3.0369,4,4,3,3,3,4
2,1.5359,4,4,1,3,1,4
5,4.7355,5,4,4,4,5,5
5,4.5584,4,4,4,4,5,4
5,4.7677,4,5,4,5,5,4
5,3.8079,4,4,3,4,4,4
3,3.8855,4,5,4,4,4,3
5,4.0626,5,5,4,4,4,4
4,3.2462,4,4,3,4,3,4
5,4.8336,5,4,4,5,5,4
5,4.6243,5,4,4,4,5,4
5,4.6243,5,4,4,4,5,4
5,5.1336,5,5,5,5,5,5
5,5.1336,5,5,5,5,5,5
5,5.1336,5,5,5,5,5,5
4,4.206,4,4,4,5,4,4
1,3.9967,4,4,4,4,4,4
5,5.1336,5,5,5,5,5,5
5,4.6243,5,5,4,4,5,4
4,4.3831,5,5,4,5,4,5
5,5.1336,5,5,5,5,5,5
4,4.6696,4,5,4,4,5,5
5,4.8131,5,4,5,4,5,4
5,4.9565,4,4,5,5,5,4
5,4.8131,5,4,5,4,5,4
5,4.7677,4,4,4,5,5,4
4,3.9967,4,5,4,4,4,4
1,1.2023,4,3,1,3,1,1
5,5.1336,5,5,5,5,5,5
5,4.7677,4,5,4,5,5,4
5,5.1336,5,5,5,5,5,5
5,4.7472,4,5,5,4,5,4
5,5.1336,5,5,5,5,5,5
5,5.1336,5,5,5,5,5,5
5,4.8336,5,5,4,5,5,4
5,5.1336,5,5,5,5,5,5
5,5.1336,5,5,5,5,5,5
5,4.6696,4,4,4,4,5,5
1,2.1798,2,3,4,4,1,4
5,4.9565,4,4,5,5,5,4
5,4.7677,4,5,4,5,5,4
4,3.7555,4,4,4,5,3,5
4,4.3831,5,5,4,5,4,5
5,5.1336,5,5,5,5,5,5
5,4.7355,5,5,4,4,5,5
5,3.9967,4,5,4,4,4,4
4,4.9448,5,5,4,5,5,5
5,5.1336,5,5,5,5,5,5
4,3.5916,5,5,5,3,3,5
4,4.5584,4,5,4,4,5,4
5,5.0224,5,5,5,5,5,4
4,4.9448,5,5,4,5,5,5
5,4.3626,5,5,5,4,4,5
5,5.1336,5,5,5,5,5,5
5,5.1336,5,5,5,5,5,5
5,4.9448,5,5,4,5,5,5
4,3.9967,4,5,4,4,4,4
5,4.7677,4,5,4,5,5,4
5,4.8131,5,4,5,4,5,4
5,5.1336,5,5,5,5,5,5
5,5.1336,5,5,5,5,5,5
5,5.1336,5,5,5,5,5,5
5,4.6696,4,5,4,4,5,5
4,3.6897,5,4,5,4,3,4
4,4.2702,5,5,5,3,5,1
5,4.8789,4,5,4,5,5,5
3,3.0032,2,5,3,4,3,3
5,5.1336,5,5,5,5,5,5
5,4.9448,5,5,4,5,5,5
5,5.0224,5,5,5,5,5,4
4,3.7098,4,3,3,3,4,5
5,4.9243,5,5,5,4,5,5
4,4.2719,5,5,4,5,4,4
4,4.4355,5,5,3,4,5,4
5,5.1336,5,5,5,5,5,5
4,4.251,4,5,4,2,5,5
3,2.3229,2,4,4,2,2,4
5,5.1336,5,5,5,5,5,5
5,5.1336,5,5,5,5,5,5
4,3.5462,4,5,4,4,3,5
4,4.9448,5,5,4,5,5,5
4,4.6888,5,5,5,5,5,1
4,3.9967,4,5,4,4,4,4
5,5.1336,5,5,5,5,5,5
3,2.9257,4,5,3,3,3,3
5,5.1336,5,5,5,5,5,5
4,3.985,5,5,3,4,4,5
3,3.0369,4,4,3,3,3,4
4,4.3626,5,5,5,4,4,5
5,4.7355,5,4,4,4,5,5
4,4.0626,5,5,4,4,4,4
5,5.1336,5,5,5,5,5,5
4,4.0626,5,4,4,4,4,4
4,3.9967,4,5,4,4,4,4
5,4.9565,4,4,5,5,5,4
4,4.5584,4,4,4,4,5,4
5,4.7019,5,5,5,4,5,3
2,3.3238,4,4,4,4,3,3
5,5.1336,5,5,5,5,5,5
5,4.8336,5,5,4,5,5,4
3,4.0038,5,3,3,3,5,2
3,4.5584,4,5,4,4,5,4
5,5.1336,5,5,5,5,5,5
5,5.1336,5,5,5,5,5,5
4,3.5009,5,4,4,4,3,4
5,4.8336,5,4,4,5,5,4
5,5.1336,5,5,5,5,5,5
1,2.3116,4,4,4,4,1,4
2,1.8228,4,4,2,4,1,3
3,2.1433,4,4,2,5,1,4
4,3.6443,4,5,4,5,3,4
5,4.7677,4,5,4,5,5,4
4,3.9967,4,4,4,4,4,4
5,4.8584,4,4,5,4,5,5
5,4.7472,4,4,5,4,5,4
5,4.9565,4,4,5,5,5,4
4,4.0626,5,4,4,4,4,4
5,4.9565,4,4,5,5,5,4
4,4.7355,5,4,4,4,5,5
5,4.8336,5,4,4,5,5,4
5,4.7472,4,5,5,4,5,4
5,4.7472,4,4,5,4,5,4
5,4.5584,4,5,4,4,5,4
5,4.7355,5,4,4,4,5,5
4,4.6696,4,4,4,4,5,5
4,3.7874,4,4,4,3,4,4
5,4.5584,4,4,4,4,5,4
5,4.9565,4,4,5,5,5,4
4,3.9967,4,5,4,4,4,4
4,4.6696,4,4,4,4,5,5
5,4.7472,4,5,5,4,5,4
5,4.7355,5,4,4,4,5,5
5,4.336,4,4,4,4,5,2
5,4.7472,4,5,5,4,5,4
5,4.9565,4,4,5,5,5,4
5,4.6243,5,5,4,4,5,4
5,4.7472,4,5,5,4,5,4
5,4.8789,4,4,4,5,5,5
4,3.9967,4,4,4,4,4,4
4,3.9967,4,5,4,4,4,4
5,5.1336,5,5,5,5,5,5
5,5.1336,5,5,5,5,5,5
5,5.1336,5,5,5,5,5,5
5,4.8789,4,4,4,5,5,5
4,3.6967,4,4,3,4,4,3
3,3.9056,3,4,2,3,5,4
5,5.1336,5,5,5,5,5,5
3,2.4298,3,5,2,4,2,4
5,4.9448,5,5,4,5,5,5
4,2.8733,4,5,4,4,2,4
5,4.6243,5,5,4,4,5,4
5,4.6696,4,5,4,4,5,5
5,4.6243,5,5,4,4,5,4
5,4.6696,4,5,4,4,5,5
5,4.8789,4,4,4,5,5,5
5,4.7472,4,5,5,4,5,4
4,3.9967,4,4,4,4,4,4
5,4.6696,4,4,4,4,5,5
4,3.435,4,4,4,4,3,4
2,2.45,4,4,1,2,3,4
3,2.2864,4,4,2,3,2,4
5,4.9565,4,4,5,5,5,4
5,4.0626,5,5,4,4,4,4
4,4.8789,4,4,4,5,5,5
5,4.6696,4,5,4,4,5,5
5,4.1738,5,4,4,4,4,5
5,4.6696,4,4,4,4,5,5
5,4.8584,4,4,5,4,5,5
5,4.8131,5,4,5,4,5,4
5,4.8584,4,4,5,4,5,5
5,4.7677,4,5,4,5,5,4
5,5.1336,5,5,5,5,5,5
5,4.9448,5,5,4,5,5,5
5,4.756,5,5,3,5,5,5
2,2.1504,5,5,1,4,2,2
5,4.8131,5,4,5,4,5,4
5,5.1336,5,5,5,5,5,5
5,4.9448,5,5,4,5,5,5
5,5.1336,5,5,5,5,5,5
5,5.1336,5,5,5,5,5,5
5,5.1336,5,5,5,5,5,5
5,5.1336,5,5,5,5,5,5
2,2.7893,4,5,1,2,4,2
5,4.8336,5,4,4,5,5,4
5,4.8584,4,4,5,4,5,5
5,4.8336,5,4,4,5,5,4
5,5.1336,5,5,5,5,5,5
5,4.5672,5,5,2,5,5,5
5,4.5719,5,5,5,5,4,5
5,5.1336,5,5,5,5,5,5
5,4.8789,4,4,4,5,5,5
5,5.1336,5,5,5,5,5,5
5,4.6243,5,5,4,4,5,4
5,4.9448,5,5,4,5,5,5
5,4.756,5,5,3,5,5,5
5,4.9448,5,5,4,5,5,5
5,5.1336,5,5,5,5,5,5
5,4.6696,4,4,4,4,5,5
5,4.9448,5,5,4,5,5,5
5,4.7355,5,4,4,4,5,5
5,4.6696,4,5,4,4,5,5
5,5.1336,5,5,5,5,5,5
5,4.5584,4,4,4,4,5,4
5,5.1336,5,5,5,5,5,5
5,5.1336,5,5,5,5,5,5
5,5.1336,5,5,5,5,5,5
5,4.9448,5,5,4,5,5,5
5,4.9448,5,5,4,5,5,5
5,4.7472,4,5,5,4,5,4
1,4.9448,5,5,4,5,5,5
5,4.9243,5,5,5,4,5,5
5,5.1336,5,5,5,5,5,5
5,5.1336,5,5,5,5,5,5
5,4.8336,5,4,4,5,5,4
5,5.1336,5,5,5,5,5,5
